crew_id,song_id
150051,101491
1007003,101498
30993,101498
47473,101498
49192,1019169
630266,1019169
1364742,104685
350503,104685
630266,104685
18435,105031
19976,105031
39044,105031
25090,1064725
530897,1064725
630266,1064725
20785,108080
20785,108080
34314,108080
36741,108080
20785,108164
20785,108164
34314,108164
20785,109266
20785,109266
27794,109266
36741,109266
20785,109472
20785,109472
34990,109472
34990,109472
36741,109472
20785,113622
20785,113622
34990,113622
34990,113622
36741,113622
369532,1203441
369532,1203441
980946,1203441
323668,1205924
572970,1205924
65700,1205924
65703,1205924
18435,121557
27794,121557
4781,121557
646888,121557
646889,121557
39867,122476
39867,122476
578888,1268
578889,1268
64961,1268
993855,1268
29767,1313
29767,1313
447,1313
1486323,1316
29767,1316
29767,1316
447,1316
50623,133685
50624,133685
997932,133685
1015,134095
4431,134095
44539,134095
354490,1390316
58311,1390316
20731,1429
20731,1429
20785,143670
20785,143670
34990,143670
34990,143670
36741,143670
36741,143670
35252,1439197
35252,1439197
108183,1461554
517650,1461554
976764,1461554
32235,1556616
32236,1556616
987840,1556616
1103594,1578559
630266,1578559
20785,1624339
35389,1624339
2726,1644
835,1644
835,1644
391625,1698522
517592,1698522
405094,1759066
987837,1759066
1372,178968
1665,178968
51072,178968
20785,182577
20785,182577
27794,182577
36741,182577
20785,182578
20785,182578
27794,182578
36741,182578
20785,182580
20785,182580
27794,182580
36741,182580
36741,182580
27679,1846784
310,1846784
31210,1846784
371832,1846784
46,1846784
47127,1846784
49094,1846784
500,1846784
642561,1846784
648349,1846784
684997,1846784
204997,184884
204998,184884
31791,184884
357,184884
517661,1858069
517662,1858069
139460,1868520
139460,1868520
15379,1868520
326362,1868520
539718,1868520
539718,1868520
980331,1868520
1008157,1959331
1019571,1959331
1019572,1959331
1010912,197055
1054931,197055
44478,197063
980942,197063
980943,197063
150927,201791
3309,201791
3309,201791
1205,204233
1205,204233
51771,204233
51771,204233
394320,2104392
394321,2104392
653076,2104392
653076,2104392
675997,2104392
367734,2121786
24215,216074
24215,216074
298,216074
624550,216074
984430,216074
1042,2171
12908,2171
12908,2171
152816,2171
35064,2171
39876,2171
669410,2171
86678,2171
1022473,2255377
984869,2255377
984870,2255377
48185,2263909
48185,2263909
540192,2263909
133664,226866
73910,226866
73910,226866
142213,2306268
142215,2306268
16515,2306268
409511,2306268
552457,2306268
130,2311373
2197,2311373
33010,2311373
33010,2311373
1096445,2312297
264368,2312297
357100,2312297
36326,2312297
678132,2312297
2300,2332455
55444,2332455
55444,2332455
2300,2336620
27835,2336620
27835,2336620
27836,2336620
27836,2336620
2300,2336631
55444,2336631
55444,2336631
2184908,2336758
2184909,2336758
481172,2336758
51166,2336758
625410,2336758
7798,2336758
152276,2339009
16751,2339009
20576,2339009
20576,2339009
35599,2339009
41489,2339009
48299,2339009
55396,2339009
12418,2342329
28906,2342329
28906,2342329
357,2342329
620092,2346601
11395,2355208
11395,2355208
148908,2355208
333306,2355208
35155,2355208
35155,2355208
669399,2355208
986319,2355208
22516,2361587
22516,2361587
111393,2378935
111393,2378935
634311,2378935
89,2378935
250301,2388373
250301,2388373
285817,2388373
45372,2388373
223447,2389743
654749,2389743
654753,2389743
99440,2389743
99440,2389743
16775,2391084
55444,2391084
55444,2391084
2197,2396302
2358,2396302
2358,2396302
27655,2396302
33010,2396302
33010,2396302
34533,2396302
34533,2396302
574528,2396302
130,2398213
139040,2398213
27612,2398213
27612,2398213
329739,2398213
39585,2398213
39585,2398213
47131,2398213
55684,2398213
634300,2398213
662,2398213
662,2398213
89,2398213
185154,2400080
507607,2400080
507607,2400080
626678,2400811
639900,2400811
639900,2400811
7161,2400811
610968,2404125
628652,2404125
628652,2404125
49449,2407925
49449,2407925
676108,2407925
676109,2407925
676109,2407925
8743,2407925
617327,2411097
617327,2411097
1306886,2413890
162702,2413890
19132,2413890
28169,2413890
28169,2413890
29780,2413890
29780,2413890
325049,2413890
39585,2413890
39585,2413890
499861,2413890
55089,2413890
642979,2413890
671661,2413890
89,2413890
150934,2416822
551992,2416822
660558,2416822
71876,2416822
217208,2418877
23691,2418877
23691,2418877
580572,2418877
580572,2418877
149418,2427392
25005,2427392
325827,2427392
325827,2427392
653079,2427392
77014,2427392
9654,2427392
9654,2427392
329689,2433932
329689,2433932
646241,2433932
136287,2435615
136287,2435615
648391,2435615
654,2435615
654,2435615
1002050,2436402
1002050,2436402
26577,2436402
26577,2436402
396565,2441478
452867,2441478
452867,2441478
683021,2441478
683021,2441478
130,2442052
27612,2442052
27612,2442052
47131,2442052
558190,2444781
558190,2444781
571062,2444781
571062,2444781
1054259,2450584
130,2450584
155256,2450584
20148,2450584
27612,2450584
459835,2450584
64581,2450584
64581,2450584
816604,2450584
84565,2450584
166093,2450960
17491,2450960
17491,2450960
195376,2450960
43555,2450960
43555,2450960
571425,2450960
64761,2450960
241761,2451433
51380,2451433
51380,2451433
579558,2451433
610968,2451433
643405,2451433
643405,2451433
217208,2456795
33010,2456795
33010,2456795
155062,2457495
155062,2457495
179206,2457495
26507,2457495
27835,2457495
27835,2457495
302826,2457495
92,2457495
155062,2457497
155062,2457497
179206,2457497
2197,2457497
26507,2457497
27835,2457497
209139,2457826
335759,2457826
43733,2457826
149826,2458848
150934,2458848
228636,2458848
658975,2458848
660558,2458848
984008,2458848
984204,2458848
110699,2459273
110699,2459273
141265,2459273
141265,2459273
18047,2459273
21451,2459273
21451,2459273
189848,2460194
572120,2460194
65464,2460194
683272,2460194
683272,2460194
130,2463402
17195,2463402
29497,2463402
34522,2463402
34522,2463402
541009,2463402
541009,2463402
64581,2463402
64581,2463402
663034,2463402
89,2463402
1177,2463453
2069,2463453
2069,2463453
39585,2463453
130,2464123
34522,2464123
34522,2464123
55684,2464123
55684,2464123
662,2464123
662,2464123
663011,2464123
663012,2464123
663013,2464123
663014,2464123
663015,2464123
69949,2464123
69949,2464123
8550,2464123
155062,2465219
155062,2465219
179206,2465219
26507,2465219
27835,2465219
27835,2465219
302826,2465219
27835,2467204
27835,2467204
27836,2467204
27836,2467204
334,2467204
334,2467204
1067939,2471323
16681,2471323
16681,2471323
27649,2471323
27649,2471323
336528,2471323
336528,2471323
9932,2471323
130026,2471960
14325,2471960
143593,2471960
143593,2471960
16751,2471960
4,2471960
572674,2471960
641040,2471960
668366,2471960
668552,2471960
668553,2471960
668554,2471960
668555,2471960
668556,2471960
668557,2471960
152276,2472231
16751,2472231
181172,2472231
206433,2472231
41489,2472231
46043,2472231
48299,2472231
52282,2472231
551588,2472231
55396,2472231
668548,2472231
668549,2472231
668550,2472231
668551,2472231
72,2472231
72,2472231
1002553,2472236
16751,2472236
301191,2472236
33699,2472236
33699,2472236
63555,2472236
16751,2472237
205754,2472237
205754,2472237
357,2472237
41479,2472237
41489,2472237
41489,2472237
152276,2472248
16751,2472248
20576,2472248
339543,2474069
64420,2474069
189848,2475541
2197,2475541
23315,2475541
23315,2475541
91532,2475541
989573,2475541
1030827,2478138
131676,2478138
195029,2478138
354283,2478138
354283,2478138
71876,2478138
12418,2481759
12908,2481759
164761,2481759
21871,2481759
25983,2481759
25983,2481759
28906,2481759
28906,2481759
357,2481759
412137,2481759
412137,2481759
665,2481759
1421,2482057
224,2482057
229,2482057
27816,2482057
338,2482057
41579,2482057
5318,2482057
572674,2482057
572674,2482057
21716,2488833
2196399,2488833
248458,2488833
341322,2488833
58613,2488833
58613,2488833
33010,2488871
33010,2488871
617327,2488871
617327,2488871
162126,2496305
248458,2496305
51380,2496305
2517,2509
27804,2509
27804,2509
32826,2509
34793,2532266
50268,2532266
50268,2532266
1225094,2568773
330498,2568773
747138,2568773
747139,2568773
1098115,2669963
646901,2669963
654932,2669963
217208,2688236
2197,2688236
27822,2688236
27822,2688236
49470,2688236
195029,2811214
354283,2811214
354283,2811214
52806,2811214
632021,2811214
652571,2811214
1009606,2819412
143754,2819412
143754,2819412
149418,2819412
329564,2819412
357,2819412
401980,2819412
41287,2819412
41287,2819412
468879,2819412
468880,2819412
576544,2819412
576544,2819412
986640,2819412
13,2819932
209139,2819932
29978,2819932
29978,2819932
335759,2819932
2197,2820703
33010,2820703
33010,2820703
430404,2820703
430404,2820703
23315,2820812
23315,2820812
32429,2820812
32429,2820812
33010,2820812
33010,2820812
430404,2820812
669794,2820812
669795,2820812
30421,2821535
30421,2821535
423220,2821535
619133,2821535
995985,2821535
995985,2821535
217208,2830058
23691,2830058
23691,2830058
486585,2830058
486585,2830058
162702,2844173
1632,2844173
28169,2844173
28169,2844173
28906,2844173
28906,2844173
45372,2844173
49698,2844173
49698,2844173
175131,2844801
175131,2844801
20503,2844801
213416,2844801
27446,2844801
27486,2844801
27486,2844801
400379,2844801
217208,2845980
33010,2845980
33010,2845980
59421,2845980
59421,2845980
61600,2845980
88813,2845980
1084552,2849762
20185,2849762
617327,2849762
617327,2849762
1421,2849767
20185,2849767
27259,2849767
27259,2849767
32429,2849767
52893,2849767
52893,2849767
641148,2849767
669794,2849767
669795,2849767
1028969,2849861
34107,2849861
618451,2849861
997039,2849861
997040,2849861
1015154,2851057
1421,2851057
155257,2851057
160032,2851057
209397,2851057
285817,2851057
28906,2851057
33076,2851057
651315,2851057
651316,2851057
669,2851057
13585,2851948
2358,2851948
27655,2851948
30425,2851948
31634,2851948
42463,2851948
574528,2851948
214301,2853827
223523,2853827
223523,2853827
334215,2853827
1015048,2855384
980212,2855384
980801,2855384
33499,2859275
399,2859275
568068,2859275
672062,2859275
67349,2859275
1028671,2859956
1028671,2859956
130,2859956
2197,2859956
27822,2859956
27822,2859956
54077,2859956
54077,2859956
1003643,2860652
1003643,2860652
1108378,2860652
1108379,2860652
1398269,2861311
1398269,2861311
1643847,2861311
216609,2861311
4396,2861311
991355,2861311
991355,2861311
398449,2865087
447,2865087
447,2865087
59130,2865087
8231,2865087
8231,2865087
143754,2865735
143754,2865735
28169,2865735
28169,2865735
326362,2865735
33010,2865735
33010,2865735
61600,2865735
986640,2865735
1021143,2866360
104044,2866360
25005,2866360
27578,2866360
32828,2866360
401419,2866360
104044,2866364
285817,2866364
338751,2866364
4,2866364
56982,2866364
56982,2866364
63216,2866364
63216,2866364
644023,2866364
644024,2866364
150934,2867244
227626,2867244
660556,2867244
660558,2867244
876840,2867244
100310,2867555
1410895,2867555
175514,2867555
224988,2867555
49669,2867555
993214,2867555
993779,2869012
993779,2869012
11620,2870491
276414,2870491
31695,2870491
387168,2870491
409511,2870491
45618,2870491
551995,2870491
1012903,2872960
47127,2872960
49094,2872960
500,2872960
209397,2875301
209397,2875301
228334,2875301
228334,2875301
365,2875301
1072666,2877228
27616,2877228
626678,2877228
7161,2877228
106693,2880960
155257,2880960
188054,2880960
188055,2880960
262801,2880960
51766,2880960
51766,2880960
740,2880960
1050477,2881810
1050477,2881810
165764,2881810
165764,2881810
25939,2881810
481514,2881810
481514,2881810
527629,2881810
527629,2881810
71540,2881810
71540,2881810
13,2885798
14325,2885798
61600,2885798
7161,2885798
7161,2885798
1319,2887468
1632,2887468
35149,2887468
35149,2887468
845355,2887468
231035,2888288
62578,2888288
629,2888288
1021179,2890500
654932,2890500
130,2890553
162702,2890553
27616,2890553
27616,2890553
28169,2890553
28169,2890553
130,2890555
430404,2890555
44575,2890555
44575,2890555
1021697,2891596
386547,2891596
1405,2892211
1405,2892211
405415,2892211
405415,2892211
543018,2892211
543018,2892211
543019,2892211
543019,2892211
55411,2892211
104044,2893223
285817,2893223
32828,2893223
340374,2893223
538901,2893223
62941,2893223
62942,2893223
11305,2893922
11305,2893922
27486,2893922
27486,2893922
278,2893922
330059,2893922
330059,2893922
33010,2893922
33010,2893922
336528,2893922
336528,2893922
492,2893922
72,2893922
28480,2900237
28480,2900237
326362,2900237
665102,2900237
1188681,2904574
1583,2904574
193351,2904574
193351,2904574
209139,2904574
2358,2904574
278,2904574
29978,2904574
33673,2904574
33673,2904574
511559,2904574
1028913,2904673
183747,2904673
183747,2904673
1029347,2904901
1064929,2904901
124752,2904901
304348,2904901
304350,2904901
62510,2904901
645370,2904901
669225,2904901
669226,2904901
130145,2904917
1325521,2904917
1325522,2904917
31426,2904917
31426,2904917
420369,2904917
98380,2904917
130145,2904923
31426,2904923
31426,2904923
420369,2904923
98380,2904923
1745,2905167
1745,2905167
27616,2905167
27935,2905167
27935,2905167
351,2905167
6471,2905167
668957,2905167
42778,2905373
488,2905373
488,2905373
651307,2905373
110699,2908650
110699,2908650
18047,2908650
21451,2908650
21451,2908650
405554,2908883
720,2908883
720,2908883
1012903,2909160
1035208,2909160
17649,2909160
47127,2909160
49094,2909160
500,2909160
594282,2909160
594283,2909160
594284,2909160
1033803,2909921
13585,2909921
2358,2909921
27655,2909921
30425,2909921
31634,2909921
42463,2909921
1362,2911255
15740,2911255
2358,2911255
2358,2911255
27655,2911255
27655,2911255
34533,2911255
34533,2911255
1421,2911554
147213,2911554
147213,2911554
162101,2911554
2358,2911554
2358,2911554
27467,2911554
27467,2911554
27655,2911554
27655,2911554
2358,2911557
2358,2911557
27655,2911557
27655,2911557
30425,2911557
49698,2911557
608241,2911557
616112,2911557
665102,2911557
12802,2911564
12802,2911564
2358,2911564
27655,2911564
27655,2911564
30425,2911564
30425,2911564
2197,2913390
23315,2913390
23315,2913390
27486,2913390
27486,2913390
1362,2913726
2197,2913726
2358,2913726
2358,2913726
27655,2913726
27655,2913726
30425,2913726
30425,2913726
33010,2913726
33010,2913726
34533,2913726
34533,2913726
574528,2913726
226661,2915769
226661,2915769
611587,2915769
672712,2915769
182843,2920194
182843,2920194
20185,2920194
2538,2920194
41579,2920194
556619,2920194
556619,2920194
573625,2922155
593495,2922155
593495,2922155
610968,2922155
6412,2922155
988135,2922155
988135,2922155
27597,2923332
28169,2923332
69,2923332
123538,2923973
524190,2923973
555687,2923973
654614,2923973
182877,2924188
27616,2924188
662,2924188
69,2924188
69,2924188
14777,2924189
647112,2924189
69,2924189
69,2924189
1021143,2925253
12908,2925253
12908,2925253
27578,2925253
401419,2925253
412137,2925253
412137,2925253
92,2925253
69,2925371
69,2925371
564416,2928080
564416,2928080
653063,2928080
1046301,2930448
1096783,2930448
1122002,2930448
13,2930448
132,2930448
182322,2930448
233680,2930448
233680,2930448
438,2930448
571101,2930448
666643,2930448
309100,2930796
411930,2930796
411931,2930796
10144,2930981
130,2930981
29978,2930981
29978,2930981
1011552,2931672
1011553,2931672
1011553,2931672
484965,2931672
484965,2931672
523230,2931672
217208,2932431
28651,2932431
28651,2932431
63610,2932431
63610,2932431
13,2933001
130,2933001
23315,2933001
23315,2933001
33010,2933001
33010,2933001
248458,2933130
388683,2933130
43421,2933130
1067865,2938671
1067866,2938671
1067866,2938671
330059,2938671
330059,2938671
37120,2938671
44031,2938671
492,2938671
646677,2938671
223447,2938684
331090,2938684
57092,2938684
654749,2938684
660558,2938684
162126,2939983
23315,2939983
23315,2939983
32429,2939983
33010,2939983
33010,2939983
669794,2939983
669795,2939983
1133737,2940765
123538,2940765
309593,2940765
333864,2940765
455379,2940765
1112844,2942139
1112844,2942139
143754,2942139
143754,2942139
18047,2942139
326362,2942139
430404,2942139
986640,2942139
27578,2942605
27578,2942605
28906,2942605
28906,2942605
409511,2942605
409643,2942605
1030536,2944779
1058793,2944779
150934,2944779
538845,2944779
660558,2944779
35149,2944823
554,2944823
72,2944823
72,2944823
17764,2945277
25005,2945277
278452,2945277
285817,2945277
307,2945277
32,2945277
62236,2945277
62236,2945277
92,2945277
214050,2945334
283461,2945334
362690,2945334
48603,2945334
48603,2945334
148761,2946518
1649435,2946518
1649436,2946518
577,2946518
577,2946518
61600,2946518
88813,2946518
396,2947324
4,2947324
66768,2947324
66768,2947324
148761,2948140
1986077,2948140
1986078,2948140
45255,2948140
560269,2948140
560269,2948140
61600,2948140
88813,2948140
47800,2948350
488,2948350
488,2948350
651307,2948350
1067866,2948617
148761,2948617
158,2948617
61600,2948617
674885,2948617
674885,2948617
88813,2948617
148761,2948950
27822,2948950
61600,2948950
88813,2948950
95489,2948950
95489,2948950
148761,2948953
27822,2948953
27822,2948953
61600,2948953
88813,2948953
1061649,2948954
1322334,2948954
148761,2948954
1649443,2948954
37246,2948954
61600,2948954
88813,2948954
988734,2948954
988734,2948954
148761,2948956
27822,2948956
61600,2948956
88813,2948956
14325,2948958
148761,2948958
27259,2948958
27259,2948958
61600,2948958
88813,2948958
148761,2948960
1649447,2948960
1649447,2948960
61600,2948960
88813,2948960
1082327,2948961
1082327,2948961
148761,2948961
200882,2948961
20185,2948961
27822,2948961
54077,2948961
61600,2948961
148761,2948963
27485,2948963
27485,2948963
54077,2948963
54077,2948963
61600,2948963
88813,2948963
1186897,2949128
12418,2949128
12418,2949128
137924,2949128
190058,2949128
3063,2949128
51766,2949128
7393,2949128
12418,2949338
12418,2949338
28906,2949338
28906,2949338
1017435,2949528
1017435,2949528
17207,2949528
209397,2949528
209397,2949528
285817,2949528
285817,2949528
409511,2949528
669,2949528
12418,2953759
12418,2953759
190058,2953759
190058,2953759
12418,2953760
28906,2953760
28906,2953760
409643,2953760
12418,2953761
12418,2953761
582407,2953761
1091365,2953763
1091366,2953763
1091899,2953763
12418,2953763
190058,2953763
211248,2953763
275120,2953763
34793,2953763
39054,2953763
397914,2953763
5985,2953763
854621,2953763
12418,2953764
1653,2953764
28906,2953764
28906,2953764
12418,2953766
12418,2953766
190058,2953766
12418,2953767
12418,2953767
190058,2953767
190058,2953767
28906,2953767
28906,2953767
12418,2953769
155257,2953769
21712,2953769
28906,2953769
28906,2953769
12418,2953771
12418,2953771
190058,2953771
190058,2953771
275120,2953771
12418,2953772
190058,2953772
28906,2953772
28906,2953772
1074503,2953972
204997,2953972
204998,2953972
228636,2953972
31791,2953972
574528,2953972
12418,2954878
12418,2954878
190058,2954878
275120,2954878
28906,2954878
28906,2954878
397914,2954878
12418,2954883
12418,2954883
397914,2954883
720,2954883
720,2954883
330059,2955099
330059,2955099
492,2955099
646677,2955099
646677,2955099
1091400,2955186
12418,2955186
12418,2955186
233994,2955186
28906,2955186
28906,2955186
53342,2955186
73836,2955186
1091417,2955187
12418,2955187
12418,2955187
190058,2955187
275120,2955187
28906,2955187
28906,2955187
397914,2955187
1058697,2955220
1823,2955220
344497,2955220
674576,2955220
682717,2955220
13,2955272
148761,2955272
239980,2955272
239980,2955272
39592,2955272
39592,2955272
61600,2955272
88813,2955272
15740,2956717
15740,2956717
27453,2956717
27453,2956717
28906,2956717
28906,2956717
54290,2956717
54290,2956717
552689,2956717
14777,2957768
572674,2957768
69,2957768
1060785,2959263
1060785,2959263
1062448,2959263
1062449,2959263
1411443,2959263
2652,2959263
35762,2959263
35762,2959263
8382,2959263
1067790,2959781
1181,2959781
330059,2959781
330059,2959781
492,2959781
1067791,2959783
1067883,2959783
1067884,2959783
17207,2959783
17207,2959783
412142,2959783
412142,2959783
492,2959783
612057,2959783
33010,2959787
33010,2959787
492,2959787
55684,2959787
55684,2959787
61600,2959787
88813,2959787
219547,2960463
47800,2960463
488,2960463
488,2960463
651307,2960463
47800,2960483
488,2960483
488,2960483
651307,2960483
278,2960547
330059,2960547
330059,2960547
492,2960547
492,2960547
554561,2960547
646677,2960547
96842,2960547
37880,2960556
984358,2960556
1067796,2960680
1067797,2960680
162702,2960680
2031068,2960680
330059,2960680
330059,2960680
37344,2960680
377925,2960680
492,2960680
663015,2960680
664263,2960680
8550,2960680
214050,2966121
362690,2966121
464694,2966121
48603,2966121
48603,2966121
1023095,2968864
130,2968864
1397,2968864
633258,2968864
633258,2968864
1429264,2969630
25680,2969630
25680,2969630
398381,2969630
398381,2969630
978048,2970124
1067852,2970621
1067853,2970621
330059,2970621
492,2970621
27638,2970625
27638,2970625
492,2970625
5763,2970625
61362,2970625
61362,2970625
1020,2970628
330059,2970628
330059,2970628
492,2970628
20185,2970630
29780,2970630
29780,2970630
330059,2970630
330059,2970630
492,2970630
24741,2970634
24741,2970634
27474,2970634
27474,2970634
330059,2970634
33010,2970634
33010,2970634
492,2970634
142213,2970719
142215,2970719
29472,2970719
29472,2970719
409511,2970719
552457,2970719
552457,2970719
556452,2970719
556453,2970719
556454,2970719
672102,2970719
69043,2970719
110,2971418
16023,2971418
162702,2971418
20503,2971418
2069,2971418
2069,2971418
239154,2971418
43346,2971418
1006552,2973484
1006553,2973484
1067861,2973484
162702,2973484
35821,2973484
36549,2973484
45,2973484
492,2973484
492,2973484
50896,2973484
50896,2973484
162702,2974582
228636,2974582
28906,2974582
28906,2974582
49698,2974582
49698,2974582
7612,2974582
7612,2974582
1195,2977709
151087,2977709
151087,2977709
16775,2977709
27835,2977709
27835,2977709
581131,2977709
1015,2978797
177201,2978797
177201,2978797
409511,2978797
409643,2978797
4431,2978797
4431,2978797
1195,2984944
148761,2984944
191078,2984944
27835,2984944
27835,2984944
27836,2984944
27836,2984944
402808,2984944
402808,2984944
61600,2984944
88813,2984944
10461,2985067
10461,2985067
1075634,2985067
158,2985067
158,2985067
2,2985067
47131,2985067
498,2985067
1393721,2986968
1393721,2986968
162126,2986968
207347,2986968
207347,2986968
639521,2986968
1030536,2988002
1114579,2988002
150934,2988002
660558,2988002
989213,2988002
991924,2988002
992874,2988002
2358,2988307
617327,2988307
617327,2988307
15275,2988428
63216,2988428
63216,2988428
9932,2988428
158,2989248
1649238,2989248
1742723,2989248
2197,2989248
27601,2989248
27601,2989248
589072,2989248
2197,2989250
23315,2989250
23315,2989250
10418,2989253
10418,2989253
1112113,2989253
2197,2989253
23315,2989253
23315,2989253
37120,2989253
37120,2989253
2197,2989255
27511,2989255
27511,2989255
2197,2989258
23315,2989258
23315,2989258
674885,2989258
674885,2989258
2197,2989262
23315,2989262
23315,2989262
1079946,2989266
2197,2989266
33010,2989266
33010,2989266
1067866,2989267
1067866,2989267
2197,2989267
674885,2989267
674885,2989267
2197,2989269
23315,2989269
23315,2989269
6021,2989269
6021,2989269
2197,2989271
33010,2989271
33010,2989271
1067866,2989274
1067866,2989274
2197,2989274
27468,2989274
27468,2989274
2197,2989275
27468,2989275
27468,2989275
2197,2989277
23315,2989277
23315,2989277
674885,2989277
674885,2989277
2197,2989284
27822,2989284
27822,2989284
154199,2990376
154199,2990376
177201,2990376
177201,2990376
212456,2990376
4431,2990376
4431,2990376
643,2990376
177201,2990380
177201,2990380
4431,2990380
4431,2990380
621984,2990380
664580,2990380
1015,2990388
122790,2990388
15963,2990388
177201,2990388
177201,2990388
271318,2990388
4431,2990388
4431,2990388
635618,2990388
643808,2990388
106693,2991654
155257,2991654
188054,2991654
188055,2991654
262801,2991654
51766,2991654
1104583,2992433
130,2992433
1422,2992433
261800,2992433
556,2992433
55684,2992433
55684,2992433
62702,2992433
662,2992433
662,2992433
110,2992529
143754,2992529
149418,2992529
162702,2992529
20503,2992529
28169,2992529
28169,2992529
329564,2992529
576544,2992529
609667,2992529
999282,2992529
130,2992774
1397,2992774
32429,2992774
32429,2992774
669794,2992774
669795,2992774
95489,2992774
95489,2992774
148761,2997826
1985,2997826
2069,2997826
2069,2997826
61600,2997826
88813,2997826
119281,2999419
119281,2999419
17207,2999419
17207,2999419
2197,2999419
578287,2999419
578287,2999419
89,2999419
1362,2999435
17207,2999435
17207,2999435
2197,2999435
2358,2999435
30314,2999435
30314,2999435
30425,2999435
30425,2999435
2197,2999439
32429,2999439
32429,2999439
33010,2999439
33010,2999439
2197,2999441
23315,2999441
23315,2999441
30161,2999441
30161,2999441
6021,2999441
6021,2999441
17207,2999442
17207,2999442
2197,2999442
29780,2999442
29780,2999442
325049,2999442
499861,2999442
55089,2999442
55089,2999442
642979,2999442
671661,2999442
1565995,2999444
17207,2999444
17207,2999444
2197,2999444
412142,2999444
412142,2999444
612057,2999444
612057,2999444
1192817,2999446
1192817,2999446
2197,2999446
49470,2999446
49470,2999446
556966,2999446
556966,2999446
2197,2999450
32429,2999450
32429,2999450
33010,2999450
33010,2999450
488,3000331
488,3000331
1111168,3003630
217208,3003630
27486,3003630
27486,3003630
264329,3004720
264329,3004720
28169,3004720
36944,3004720
36944,3004720
63216,3004720
1110853,3004837
1169744,3004837
1169744,3004837
1350102,3004837
158,3004837
158,3004837
16751,3004837
29680,3004837
29680,3004837
357,3004837
4,3004837
437,3004837
437,3004837
5763,3004837
61600,3004837
148761,3006067
37246,3006067
37246,3006067
610968,3006067
61600,3006067
88813,3006067
130,3006986
27612,3006986
455832,3006986
482156,3006986
632912,3006986
64581,3006986
64581,3006986
143754,3007474
143754,3007474
1668463,3007474
326362,3007474
326362,3007474
173684,3007838
182604,3007838
182605,3007838
29974,3007838
353,3007838
659217,3007838
1052731,3008446
1114651,3008446
1127179,3008446
1139595,3008446
1185206,3008446
37558,3008446
37558,3008446
44112,3008446
44112,3008446
56886,3008446
657454,3008446
773999,3008446
1030536,3008537
1115040,3008537
150934,3008537
162068,3008537
227626,3008537
551992,3008537
564434,3008537
660558,3008537
993214,3008537
165764,3013669
165764,3013669
551992,3013669
619133,3013669
1020,3016062
14325,3016062
25005,3016062
326,3016062
59421,3016062
59421,3016062
95489,3016062
95489,3016062
1122051,3017253
20503,3017253
2133800,3017253
2133800,3017253
396,3017253
88,3017253
264329,3017496
264329,3017496
36944,3017496
36944,3017496
26593,3017765
45618,3017765
45618,3017765
1047738,3018117
1047738,3018117
217208,3018117
289976,3018117
1020839,3019198
14219,3019198
1985,3019198
1985,3019198
28169,3019198
665457,3019198
1030536,3020761
1103530,3020761
1103532,3020761
1103533,3020761
1103534,3020761
150934,3020761
340374,3020761
538901,3020761
567252,3020761
62941,3020761
62942,3020761
660558,3020761
110699,3021691
110699,3021691
11353,3021691
141265,3021691
18047,3021691
21456,3021691
1030536,3021917
12460,3021917
150934,3021917
463434,3021917
551992,3021917
633623,3021917
660558,3021917
150934,3021919
196086,3021919
227633,3021919
660558,3021919
69043,3021919
1030536,3021922
150934,3021922
551992,3021922
660558,3021922
71876,3021922
1030536,3021924
1410895,3021924
150934,3021924
201378,3021924
660558,3021924
1030536,3021926
1143172,3021926
150934,3021926
64758,3021926
660558,3021926
1003240,3021937
1003241,3021937
1030536,3021937
1103538,3021937
1103538,3021937
150934,3021937
227626,3021937
465687,3021937
660558,3021937
993214,3021937
1665,3023065
28906,3023065
537272,3023065
537273,3023065
7612,3023065
7612,3023065
980410,3023065
28169,3023327
28169,3023327
35355,3023327
35355,3023327
558190,3023327
558190,3023327
654932,3023327
1018325,3023367
13,3023367
154133,3023367
334903,3023367
398496,3023367
45372,3023367
56982,3023367
56982,3023367
666681,3023367
684991,3023367
149155,3024515
149155,3024515
298,3024515
45646,3024515
1028913,3026182
183747,3026182
183747,3026182
610968,3026182
1106866,3027231
1106866,3027231
11439,3027231
11439,3027231
1154575,3027231
1540137,3027231
1540138,3027231
2578,3027231
2578,3027231
27621,3027231
4,3027231
7672,3027231
92,3027231
1107057,3027414
1974,3027414
241761,3027414
27696,3027414
860,3027414
1107057,3027418
1974,3027418
27696,3027418
27696,3027418
860,3027418
941,3027418
1107057,3027424
1974,3027424
27696,3027424
7478,3027424
860,3027424
960567,3027424
1107057,3027431
1179,3027431
1974,3027431
27696,3027431
643,3027431
860,3027431
1107057,3027432
1974,3027432
27696,3027432
34694,3027432
359046,3027432
51082,3027432
5659,3027432
860,3027432
1107057,3027437
17195,3027437
1974,3027437
27696,3027437
860,3027437
1422,3027447
1974,3027447
27696,3027447
81381,3027447
860,3027447
960567,3027447
25680,3027501
25680,3027501
995985,3027501
130,3028662
221466,3028662
221466,3028662
27612,3028662
130,3028667
14086,3028667
1602,3028667
27612,3028667
27612,3028667
27916,3028667
632912,3028667
130,3028673
28169,3028673
28169,3028673
64581,3028673
64581,3028673
130,3028677
27479,3028677
27479,3028677
26868,3028680
35821,3028680
35821,3028680
1049534,3028682
130,3028682
562714,3028682
562714,3028682
1713,3028685
221466,3028685
221466,3028685
130,3028687
20185,3028687
32429,3028687
61600,3028687
669794,3028687
669795,3028687
95489,3028687
95489,3028687
130,3028693
1415764,3028693
14325,3028693
20503,3028693
27479,3028693
27479,3028693
1104421,3028696
1117837,3028696
1117838,3028696
1117856,3028696
130,3028696
29523,3028696
35988,3028696
130,3028701
183757,3028701
2487,3028701
290895,3028701
31097,3028701
35895,3028701
646230,3028701
8491,3028701
1104418,3028702
130,3028702
27612,3028702
27612,3028702
27697,3028702
27697,3028702
28480,3028702
328372,3028702
418794,3028702
418812,3028702
4414,3028702
451607,3028702
5454,3028702
632021,3028702
651320,3028702
69897,3028702
72,3028702
72,3028702
130,3028708
242019,3028708
242019,3028708
28973,3028708
28973,3028708
130,3028709
175131,3028709
175131,3028709
20503,3028709
27446,3028709
130,3028710
27612,3028710
27612,3028710
29523,3028710
47131,3028710
47131,3028710
535,3028710
130,3028711
130,3028711
27612,3028711
27612,3028711
654775,3028711
79085,3028711
79085,3028711
130,3028713
27612,3028713
55684,3028713
662,3028713
72997,3028713
1047738,3029830
1047738,3029830
289976,3029830
28169,3030898
28169,3030898
339472,3030898
458992,3030898
458992,3030898
47131,3030898
95489,3030898
95489,3030898
1421,3032843
1553,3032843
27474,3032843
27649,3032843
624173,3032843
123538,3035041
158709,3035041
329376,3035041
43805,3035041
43805,3035041
527629,3035041
13531,3035133
1413033,3035133
29106,3035133
29106,3035133
338777,3035133
338777,3035133
651141,3035133
651141,3035133
1421,3035222
29978,3035222
29978,3035222
1232967,3035251
1242537,3035251
188107,3035251
278311,3035251
278311,3035251
40963,3035251
51692,3035251
1011881,3036264
27621,3036264
395732,3036264
485206,3036264
485207,3036264
65238,3036264
158919,3036726
19818,3036726
309511,3036726
632021,3036726
639684,3036726
649708,3036726
65238,3036726
15740,3037651
15740,3037651
2358,3037651
27835,3037651
27835,3037651
54290,3037651
54290,3037651
552689,3037651
62928,3037651
1195,3038586
27434,3038586
27434,3038586
28480,3038586
364760,3038586
651237,3038586
1869719,3039792
49286,3039792
7922,3039792
7922,3039792
1421,3039923
29978,3039923
29978,3039923
627151,3039923
627151,3039923
93851,3039923
49286,3039974
69,3039974
69,3039974
7922,3039974
7922,3039974
162126,3040481
2197,3040481
334418,3040481
674885,3040481
1114683,3040789
22457,3040789
27434,3040789
27434,3040789
576085,3040789
576085,3040789
666362,3040789
666362,3040789
680638,3040789
1124401,3043570
333845,3043570
461370,3043570
48603,3043570
29473,3044373
29473,3044373
556452,3044373
556453,3044373
556454,3044373
59119,3044373
59119,3044373
69043,3044373
1158063,3044650
396565,3044650
396565,3044650
10179,3047129
10179,3047129
1421,3047129
2194,3047129
93851,3047129
93851,3047129
1421,3047131
27472,3047131
27472,3047131
27474,3047131
27474,3047131
657424,3047131
93851,3047131
93851,3047131
1066724,3047132
13298,3047132
13298,3047132
1421,3047132
146,3047132
27472,3047132
27472,3047132
38,3047132
451401,3047132
451401,3047132
1421,3047134
27472,3047134
27472,3047134
1421,3047138
2434,3047138
512850,3047138
512850,3047138
93851,3047138
93851,3047138
108612,3047140
1421,3047140
142460,3047140
1826298,3047140
21576,3047140
27472,3047140
27472,3047140
27474,3047140
27474,3047140
27794,3047140
32626,3047140
33699,3047140
738,3047140
8557,3047140
979645,3047140
979646,3047140
999281,3047140
10179,3047144
1421,3047144
1553,3047144
1553,3047144
634575,3047144
10179,3047145
10179,3047145
138998,3047145
1421,3047145
27259,3047145
27259,3047145
27472,3047145
27472,3047145
27474,3047145
27474,3047145
451401,3047145
451401,3047145
52893,3047145
52893,3047145
610302,3047145
610302,3047145
641148,3047145
93851,3047145
93851,3047145
1985,3048264
2,3048264
28169,3048264
665457,3048264
674933,3048264
685,3048264
49286,3050769
49286,3050769
7922,3050769
7922,3050769
49286,3050773
49286,3050773
636418,3050773
636418,3050773
7922,3050773
394321,3050777
49286,3050777
49286,3050777
608241,3050777
660558,3050777
7922,3050777
7922,3050777
9932,3050777
49286,3050778
49286,3050778
670998,3050778
7922,3050778
7922,3050778
1021783,3050780
1057258,3050780
1132575,3050780
1132576,3050780
176,3050780
1884,3050780
4709,3050780
4709,3050780
49286,3050780
569307,3050780
7922,3050780
7922,3050780
1058469,3050781
1132580,3050781
1132581,3050781
255749,3050781
49286,3050781
49286,3050781
7922,3050781
24741,3050782
24741,3050782
2726,3050782
29742,3050782
29742,3050782
335402,3050782
402795,3050782
402796,3050782
618008,3050782
7922,3050782
49286,3050783
7922,3050783
1104421,3050784
1117837,3050784
1117838,3050784
1132586,3050784
41991,3050784
49286,3050784
49286,3050784
7922,3050784
7922,3050784
1013152,3051158
1013152,3051158
12128,3051158
1653,3051158
1653,3051158
28165,3051158
28165,3051158
547449,3051158
649249,3051158
1118685,3051441
231673,3051441
41569,3051441
499971,3051441
1006385,3051803
195029,3051803
354283,3051803
354283,3051803
467161,3051803
71876,3051803
264329,3052269
264329,3052269
27894,3052269
36944,3052269
36944,3052269
264329,3052271
264329,3052271
36944,3052271
36944,3052271
49095,3052271
1114683,3053268
22457,3053268
27434,3053268
27434,3053268
576085,3053268
576085,3053268
666362,3053268
666362,3053268
680638,3053268
1114683,3053270
22457,3053270
27434,3053270
27434,3053270
46496,3053270
46496,3053270
576085,3053270
576085,3053270
666362,3053270
666362,3053270
1114683,3053274
209397,3053274
22457,3053274
27434,3053274
43805,3053274
46496,3053274
576085,3053274
576085,3053274
666362,3053274
22457,3053277
27434,3053277
46496,3053277
46496,3053277
576085,3053277
666362,3053277
1114683,3053279
22457,3053279
27434,3053279
27434,3053279
576085,3053279
576085,3053279
666362,3053279
666362,3053279
680638,3053279
1114683,3053283
22457,3053283
27434,3053283
27434,3053283
576085,3053283
576085,3053283
666362,3053283
666362,3053283
680638,3053283
1114683,3053284
22457,3053284
27434,3053284
27434,3053284
576085,3053284
576085,3053284
666362,3053284
666362,3053284
680638,3053284
1114683,3053285
22457,3053285
27434,3053285
27434,3053285
576085,3053285
576085,3053285
666362,3053285
666362,3053285
680638,3053285
1114683,3053287
22457,3053287
27434,3053287
27434,3053287
576085,3053287
576085,3053287
666362,3053287
666362,3053287
680638,3053287
1116480,3053927
24741,3053927
24741,3053927
335402,3053927
49286,3053927
49286,3053927
608241,3053927
7922,3053927
7922,3053927
264329,3055219
264329,3055219
28169,3055219
36944,3055219
36944,3055219
127642,3055247
28169,3055247
36944,3055247
36944,3055247
402806,3055247
402807,3055247
1119406,3056170
288086,3056170
325437,3056170
325437,3056170
447,3056170
447,3056170
491090,3056170
65581,3056170
1011757,3056499
1063345,3056499
1083531,3056499
1145688,3056499
1425697,3056499
1425697,3056499
405415,3056499
543018,3056499
543019,3056499
1058697,3057010
1823,3057010
23293,3057010
344497,3057010
357,3057010
5763,3057010
606741,3057010
674576,3057010
682717,3057010
1157676,3058820
377002,3058820
557178,3058820
56160,3058820
571100,3058820
149155,3058987
149155,3058987
298,3058987
45646,3058987
16775,3059562
26507,3059562
28906,3059562
28906,3059562
32212,3059562
49698,3059562
49698,3059562
363619,3059623
363619,3059623
654932,3059623
1653,3060213
210722,3060213
210722,3060213
21871,3060213
28906,3060213
28906,3060213
49698,3060213
49698,3060213
250301,3060662
250301,3060662
285817,3060662
1012880,3067611
124464,3067611
1653,3067611
1653,3067611
27578,3067611
27578,3067611
647408,3067611
137169,3068434
154199,3068434
214001,3068434
409513,3068434
6343,3068434
7811,3068434
228636,3069705
55444,3069705
55444,3069705
228636,3069711
2358,3069711
28906,3069711
28906,3069711
49698,3069711
49698,3069711
7612,3069711
7612,3069711
228636,3069729
409511,3069729
62236,3069729
62236,3069729
643405,3069729
643405,3069729
19818,3070591
209397,3070591
246245,3070591
43805,3070591
43805,3070591
645370,3070591
651111,3070591
12047,3072520
1583,3072520
20185,3072520
683272,3072520
683272,3072520
22245,3074498
42625,3074498
42625,3074498
59130,3074498
679645,3074498
679646,3074498
12908,3075614
162702,3075614
20185,3075614
25983,3075614
25983,3075614
28906,3075614
412137,3075614
412137,3075614
609667,3075614
61600,3075614
665,3075614
665,3075614
49152,3075800
49152,3075800
805,3075800
15130,3076623
412342,3076623
632979,3076623
632979,3076623
1242436,3076962
1242436,3076962
1423618,3076962
1423619,3076962
1423620,3076962
1423621,3076962
71811,3078532
1018932,3079084
1141242,3079084
1141243,3079084
12418,3079084
333765,3079084
464760,3079084
464762,3079084
464764,3079084
464765,3079084
51766,3079084
51766,3079084
581698,3079084
61600,3079084
641134,3079084
641136,3079084
7280,3079084
1098177,3080768
1195,3080768
162702,3080768
364760,3080768
440066,3080768
440066,3080768
45313,3080768
45313,3080768
651237,3080768
92,3080768
29472,3080781
556452,3080781
556453,3080781
556454,3080781
63216,3080781
63216,3080781
69043,3080781
2069,3081091
2069,3081091
2197,3081091
9932,3081091
142213,3081379
142215,3081379
29472,3081379
409511,3081379
552457,3081379
556452,3081379
556453,3081379
556454,3081379
672102,3081379
69043,3081379
142213,3081380
142215,3081380
29472,3081380
409511,3081380
552457,3081380
552457,3081380
556452,3081380
556453,3081380
556454,3081380
672102,3081380
69043,3081380
1038995,3081383
1038995,3081383
29472,3081383
556452,3081383
556453,3081383
556454,3081383
69043,3081383
142213,3081388
142215,3081388
29472,3081388
409511,3081388
552457,3081388
556452,3081388
556453,3081388
556454,3081388
672102,3081388
69043,3081388
10418,3082387
10418,3082387
430404,3082387
639521,3082387
95489,3082387
95489,3082387
396565,3082569
396565,3082569
126064,3084463
126065,3084463
12994,3084463
165764,3084463
165764,3084463
409511,3084463
409643,3084463
45372,3084463
264368,3084693
27479,3084693
27479,3084693
12418,3085500
51766,3085500
51766,3085500
16775,3088967
188429,3088967
28906,3088967
28906,3088967
418952,3088967
49698,3088967
49698,3088967
50570,3088967
609667,3088967
664549,3088967
7612,3088967
7612,3088967
1064568,3089187
1064568,3089187
20185,3089187
95489,3089187
95489,3089187
15740,3090522
15740,3090522
54290,3090522
54290,3090522
552689,3090522
62928,3090522
15740,3091673
15740,3091673
528660,3091673
528660,3091673
54290,3091673
62928,3091673
1073,3091934
27807,3091934
511608,3091934
511609,3091934
941,3091934
1019487,3092121
338777,3092121
338777,3092121
264329,3092335
264329,3092335
36944,3092335
36944,3092335
49449,3092335
264329,3092336
264329,3092336
36944,3092336
36944,3092336
264329,3092339
264329,3092339
36944,3092339
36944,3092339
264329,3092340
264329,3092340
36944,3092340
36944,3092340
63216,3092340
155257,3092866
250301,3092866
285817,3092866
43735,3092866
51766,3092866
51766,3092866
581698,3092866
637876,3092866
664548,3092866
1149147,3095483
1227368,3095483
162126,3095483
199001,3095483
199001,3095483
621678,3095483
68333,3095483
68333,3095483
15740,3096150
15740,3096150
21747,3096150
38423,3096150
54290,3096150
54290,3096150
552689,3096150
62928,3096150
1079946,3097600
1421,3097600
2197,3097600
33010,3097600
33010,3097600
138998,3097946
138998,3097946
24637,3097946
24637,3097946
264368,3097946
138998,3097948
138998,3097948
21532,3097948
264368,3097948
27827,3097948
48331,3097948
48331,3097948
264368,3097951
35821,3097951
35821,3097951
50896,3097951
50896,3097951
264368,3097952
27819,3097952
27819,3097952
309212,3097952
309212,3097952
264368,3097956
29263,3097956
29263,3097956
24637,3097957
24637,3097957
264368,3097957
52817,3097957
52817,3097957
24637,3097960
24637,3097960
264368,3097960
24637,3097964
24637,3097964
264368,3097964
264368,3097968
55684,3097968
55684,3097968
662,3097968
662,3097968
678071,3097968
25754,3097970
25754,3097970
264368,3097970
3683,3097970
559839,3097970
559839,3097970
627390,3097970
627390,3097970
24637,3097971
24637,3097971
264368,3097971
21532,3097972
21532,3097972
24637,3097972
24637,3097972
264368,3097972
13,3099469
23315,3099469
23315,3099469
33010,3099469
33010,3099469
88813,3099469
1149197,3102103
13,3102103
325827,3102103
325827,3102103
664580,3102103
9654,3102103
9654,3102103
11353,3105140
162702,3105140
2069,3105140
2069,3105140
241761,3105140
643405,3105140
118,3105241
141275,3105241
141275,3105241
191,3105241
29978,3105241
29978,3105241
92,3105241
14325,3105427
20185,3105427
32429,3105427
669794,3105427
669795,3105427
95489,3105427
95489,3105427
1080750,3105799
1080750,3105799
14325,3105799
15379,3105799
1588501,3105799
106714,3107031
1276441,3107031
1276442,3107031
28169,3107031
28169,3107031
571100,3107031
609667,3107031
665457,3107031
11418,3110340
11418,3110340
130,3110340
158,3110340
158,3110340
932957,3110340
932957,3110340
41579,3113598
556619,3113598
556619,3113598
2578,3114109
2578,3114109
27621,3114109
27621,3114109
303261,3114109
303261,3114109
357,3114109
5763,3114109
5763,3114109
158,3114474
158,3114474
1755,3114474
264368,3114474
27629,3114474
27630,3114474
29322,3114474
3129,3114474
467,3114474
47131,3114474
89,3114474
1000248,3117098
31918,3117098
569922,3117098
976208,3117098
976208,3117098
158,3117577
158,3117577
20185,3117577
523,3117577
56,3117577
932957,3117577
984904,3117577
984904,3117577
10461,3117579
10461,3117579
158,3117579
158,3117579
20185,3117579
492,3117579
523,3117579
651689,3117579
88,3117579
158,3117586
158,3117586
162126,3117586
20185,3117586
2197,3117586
2341,3117586
34529,3117586
34529,3117586
47131,3117586
523,3117586
88,3117586
158,3117587
16751,3117587
16751,3117587
182843,3117587
41489,3117587
41489,3117587
46043,3117587
48299,3117587
1075634,3117588
148761,3117588
158,3117588
2197,3117588
23315,3117588
23315,3117588
33010,3117588
33010,3117588
430404,3117588
61600,3117588
85,3117588
88813,3117588
10461,3117593
10461,3117593
158,3117593
158,3117593
2197,3117593
523,3117593
92,3117593
1421,3119157
210722,3119157
210722,3119157
327587,3119157
49449,3119157
49449,3119157
941,3119157
106714,3120113
168601,3120113
188776,3120113
188777,3120113
225866,3120113
571100,3120113
148761,3120203
2069,3120203
2069,3120203
365,3120203
46,3120203
162702,3120229
20185,3120229
2069,3120229
2069,3120229
2906,3120229
2906,3120229
2069,3120232
2069,3120232
292980,3120232
610968,3120232
80125,3120232
110,3120234
1195,3120234
162702,3120234
2069,3120234
2069,3120234
492,3120234
1060785,3121338
1060785,3121338
20503,3121338
2197,3121338
981006,3121338
981006,3121338
1102,3121358
12327,3121358
12327,3121358
16411,3121358
2026,3121358
31346,3121358
31346,3121358
1093420,3121471
1093420,3121471
14766,3121471
14766,3121471
35355,3121471
35355,3121471
654932,3121471
1073,3121669
15369,3121669
21451,3121669
21451,3121669
5339,3121669
1099720,3121880
1202217,3121880
569922,3121880
655138,3121880
659313,3121880
972559,3121880
972560,3121880
976208,3121880
976208,3121880
143754,3123170
143754,3123170
2197,3123170
28169,3123170
28169,3123170
326362,3123170
33010,3123170
33010,3123170
61600,3123170
112992,3123549
173684,3123549
182604,3123549
182605,3123549
29974,3123549
353,3123549
492,3123549
659217,3123549
11305,3125137
11305,3125137
13,3125137
233680,3125137
27597,3125137
27597,3125137
27822,3125137
438,3125137
1175414,3126996
1175415,3126996
1175416,3126996
1175417,3126996
1215,3126996
150402,3126996
150402,3126996
1583,3126996
2358,3126996
27987,3126996
27987,3126996
1162081,3129092
130,3129092
20503,3129092
27612,3129092
27612,3129092
34522,3129092
34522,3129092
217208,3129670
23691,3129670
23691,3129670
132285,3130560
132285,3130560
138561,3130560
1519,3130560
47127,3130560
12417,3130730
15740,3130730
207347,3130730
207347,3130730
27479,3130730
289976,3130730
38287,3130730
662,3130730
662,3130730
12417,3130731
15740,3130731
15740,3130731
32029,3130731
54290,3130731
54290,3130731
552689,3130731
62928,3130731
158,3130809
158,3130809
162702,3130809
20185,3130809
2069,3130809
2069,3130809
278,3130809
1413172,3131520
1413172,3131520
209139,3131520
29978,3131520
29978,3131520
335759,3131520
37996,3131520
37996,3131520
130,3131793
33010,3131793
33010,3131793
88813,3131793
1045923,3132161
1052771,3132161
1057672,3132161
497319,3132161
497319,3132161
576610,3132161
987775,3132161
1021143,3133056
106714,3133056
27578,3133056
39868,3133056
401419,3133056
45349,3133056
571100,3133056
609667,3133056
61600,3133056
664549,3133056
17207,3134175
17207,3134175
1742691,3134175
1988019,3134175
2197,3134175
37215,3134175
37215,3134175
438,3134175
59307,3134175
249592,3135948
334903,3135948
56982,3135948
56982,3135948
1058122,3137681
151092,3137681
630475,3137681
876840,3137681
923369,3137681
923372,3137681
923374,3137681
923377,3137681
12417,3138309
685,3138309
685,3138309
1985,3138346
685,3138346
685,3138346
984799,3138346
1450,3138456
17207,3138456
17207,3138456
2197,3138456
27588,3138456
27588,3138456
1195172,3138854
33010,3138854
33010,3138854
430404,3138854
430404,3138854
1519,3139340
2025,3139340
2025,3139340
583177,3139340
641964,3139340
1064758,3139343
1143172,3139343
13531,3139343
26379,3139343
28543,3139343
28543,3139343
1147606,3140655
1188543,3140655
1019488,3142068
104043,3142068
1267587,3142068
338777,3142068
778309,3142068
778310,3142068
778311,3142068
110,3145471
110,3145471
1178897,3145471
1178898,3145471
12138,3145471
15474,3145471
1583,3145471
1789,3145471
27987,3145471
27987,3145471
358562,3145471
379710,3145471
1519,3146251
576148,3146251
663265,3146251
663265,3146251
1188932,3146253
1188932,3146253
1519,3146253
454770,3146253
460552,3146253
62236,3146253
62236,3146253
1519,3146254
460552,3146254
62236,3146254
663265,3146254
663265,3146254
685,3146666
685,3146666
4,3146668
685,3146668
685,3146668
685,3146669
685,3146669
1340,3146672
685,3146672
685,3146672
6226,3146677
685,3146677
685,3146677
685,3146682
685,3146682
685,3146685
685,3146685
1985,3146688
685,3146688
685,3146688
1030010,3146692
204693,3146692
370872,3146692
685,3146692
685,3146692
966756,3146692
966757,3146692
989523,3146692
33010,3147472
33010,3147472
430404,3147472
864,3147472
27822,3147473
27822,3147473
33010,3147473
33010,3147473
430404,3147473
33010,3147475
430404,3147475
1172580,3147476
23315,3147476
23315,3147476
430404,3147476
6021,3147476
1047738,3147477
1047738,3147477
430404,3147477
29780,3147489
29780,3147489
430404,3147489
499861,3147489
55089,3147489
671660,3147489
671661,3147489
27822,3147508
27822,3147508
33010,3147508
33010,3147508
430404,3147508
33010,3147512
430404,3147512
1181,3148328
25005,3148328
25005,3148328
29780,3148328
29780,3148328
4,3148328
55089,3148328
55089,3148328
1016148,3151350
1016148,3151350
1019488,3151350
1059307,3151350
338777,3151350
41394,3151350
41394,3151350
45349,3151350
551992,3151350
1158063,3151455
1158063,3151455
1410894,3151455
396565,3151455
683896,3151455
683896,3151455
1073,3151905
11395,3151905
1149147,3151905
1227368,3151905
12417,3151905
1849,3151905
23661,3151905
55684,3151905
55684,3151905
621678,3151905
662,3151905
662,3151905
616113,3152744
616113,3152744
81818,3152744
124464,3155565
1653,3155565
1653,3155565
648391,3155565
648391,3155565
1319,3156907
65116,3156907
1047738,3158592
1047738,3158592
289976,3158592
33010,3158592
33010,3158592
617327,3158592
617327,3158592
88813,3158592
1120888,3160892
1279768,3160892
45465,3160892
45465,3160892
12417,3161385
209397,3161385
209397,3161385
285817,3161385
285817,3161385
516599,3161385
669,3161385
130,3162780
163578,3162780
163578,3162780
17207,3162780
17207,3162780
2197,3162780
92,3162780
409511,3164384
409643,3164384
552457,3164384
552457,3164384
190058,3168145
345,3168145
51766,3168145
51766,3168145
123538,3169110
158709,3169110
158709,3169110
362690,3169110
411978,3169110
43805,3169110
451598,3169110
12327,3171585
12327,3171585
16411,3171585
2026,3171585
31346,3171585
31346,3171585
546726,3171585
610968,3171585
149418,3173852
17491,3173852
17491,3173852
28906,3173852
28906,3173852
329564,3173852
49698,3173852
49698,3173852
576544,3173852
576544,3173852
158709,3174379
158709,3174379
209397,3174379
43805,3174379
43805,3174379
992185,3174379
123538,3174441
156397,3174441
158709,3174441
398449,3174441
451598,3174441
60204,3174441
1099720,3175124
1202217,3175124
569922,3175124
655138,3175124
972559,3175124
972560,3175124
976208,3175124
976208,3175124
12417,3175397
12802,3175397
12802,3175397
20503,3175397
2358,3175397
27655,3175397
164761,3179006
2578,3179006
2578,3179006
27621,3179006
27621,3179006
5763,3179006
65238,3179006
65238,3179006
1058469,3179685
11395,3179685
1165486,3179685
1210562,3179685
104044,3182458
1194324,3182458
334215,3182458
334215,3182458
60204,3182458
977349,3182458
10193,3182463
10193,3182463
11395,3182463
396565,3182604
396565,3182604
1063138,3182605
1086436,3182605
1867524,3182605
36586,3182605
36586,3182605
396565,3182605
485229,3182605
485229,3182605
1063096,3183508
118,3183508
1307812,3183508
162126,3183508
239980,3183508
239980,3183508
336528,3183508
336528,3183508
438,3183508
527312,3183508
639521,3183508
1027596,3185661
1027596,3185661
1150640,3185661
396565,3185661
246245,3185662
396565,3185662
246245,3185663
396565,3185663
396565,3185663
620529,3185663
162126,3186102
32429,3186102
396565,3186102
44575,3186102
44575,3186102
669794,3186102
669795,3186102
20185,3187524
33010,3187524
33010,3187524
409439,3187524
46739,3187524
492,3187524
582361,3188009
582361,3188009
9932,3188009
1107320,3189419
1327314,3189419
325827,3189419
325827,3189419
647831,3189419
7672,3189419
7672,3189419
9654,3189419
9654,3189419
15496,3189578
15496,3189578
5763,3189578
5763,3189578
1036712,3191722
1036712,3191722
1046301,3191722
1122002,3191722
12164,3191722
182322,3191722
233680,3191722
438,3191722
537302,3191722
357,3195702
409511,3195702
409643,3195702
59130,3195702
59130,3195702
164761,3195855
55444,3195855
651111,3195855
49152,3195944
49152,3195944
805,3195944
13,3200747
148761,3200747
23315,3200747
23315,3200747
33010,3200747
33010,3200747
61600,3200747
162126,3201420
369,3201420
634862,3201420
634862,3201420
1108806,3201587
1108806,3201587
13,3201587
22437,3201587
29978,3201587
29978,3201587
335759,3201587
341140,3203937
341140,3203937
37558,3203937
37558,3203937
5807,3203937
1027596,3206879
1150640,3206879
396565,3206879
1027596,3206881
1150640,3206881
396565,3206881
1172580,3207340
12327,3207340
12327,3207340
1519,3207340
16411,3207340
2026,3207340
641964,3207340
12417,3208559
13,3208559
15346,3208559
976727,3208559
976727,3208559
217208,3209316
217208,3209316
23691,3209316
23691,3209316
486585,3209316
486585,3209316
217208,3209323
27609,3209323
27609,3209323
580572,3209323
580572,3209323
217208,3209329
23691,3209329
23691,3209329
32429,3209329
32429,3209329
669794,3209329
669795,3209329
1000350,3209330
217208,3209330
23691,3209330
23691,3209330
27609,3209330
27609,3209330
680406,3209330
217208,3209331
35821,3209331
50896,3209331
50896,3209331
110,3209332
110,3209332
217208,3209332
217208,3209333
34340,3209333
34340,3209333
580572,3209333
580572,3209333
217208,3209334
2358,3209334
2358,3209334
23691,3209334
23691,3209334
574528,3209334
574528,3209334
580572,3209334
580572,3209334
10418,3209335
10418,3209335
217208,3209335
23691,3209335
23691,3209335
217208,3209336
50896,3209336
50896,3209336
217208,3209338
50896,3209338
50896,3209338
139460,3209339
139460,3209339
162702,3209339
217208,3209339
580572,3209339
580572,3209339
20185,3209510
446,3209510
446,3209510
643405,3209510
7612,3209510
7612,3209510
1177,3210592
1177,3210592
264329,3210592
264329,3210592
649158,3210592
669087,3210592
669088,3210592
396565,3210619
396565,3210619
1444919,3212901
162702,3212901
34533,3212901
34533,3212901
41579,3212901
56983,3212901
56983,3212901
663238,3212901
669,3212901
693033,3212901
142213,3213701
142215,3213701
17764,3213701
409511,3213701
552457,3213701
14868,3214151
154199,3214151
154199,3214151
354633,3214151
14766,3214267
14766,3214267
579786,3214267
579786,3214267
654932,3214267
1985,3214401
665457,3214401
674933,3214401
991444,3214401
127642,3215327
28169,3215327
326362,3215327
36944,3215327
36944,3215327
39585,3215327
402806,3215327
402807,3215327
41579,3215327
9932,3215327
127642,3218472
402806,3218472
402807,3218472
665106,3218472
1170285,3218659
19132,3218659
24215,3218659
566791,3218659
137169,3218739
214001,3218739
28480,3218739
28480,3218739
37229,3218739
409513,3218739
6343,3218739
7811,3218739
1021143,3219597
27578,3219597
401419,3219597
43383,3219597
52183,3219597
95984,3219597
95984,3219597
112,3221142
112,3221142
121717,3221142
1232906,3221142
40393,3221142
43383,3221142
52183,3221142
95984,3221142
95984,3221142
1177,3221550
1177,3221550
151087,3221550
151087,3221550
27835,3221550
27835,3221550
27836,3221550
27836,3221550
1143987,3225626
1143987,3225626
13,3225626
2358,3225626
592621,3225626
617327,3225626
617327,3225626
1220431,3225750
278311,3225750
278311,3225750
387284,3225750
387284,3225750
663265,3225750
663265,3225750
1632,3225906
2197,3225906
29742,3225906
29742,3225906
248458,3226843
634957,3226843
634957,3226843
639521,3226843
656173,3226843
1023095,3226861
1023095,3226861
222416,3226861
222416,3226861
639521,3226861
1020520,3231155
1084340,3231155
1084341,3231155
372164,3231155
520160,3231155
624325,3231155
660558,3231155
660558,3231155
70110,3231155
70112,3231155
70273,3231155
70273,3231155
520160,3233281
520175,3233281
624325,3233281
70110,3233281
70273,3233281
70273,3233281
976763,3233281
250301,3236636
250301,3236636
27435,3236636
285817,3236636
1219483,3238806
572105,3238806
141275,3243129
141275,3243129
17207,3243129
209139,3243129
2197,3243129
25005,3243129
25005,3243129
29978,3243129
29978,3243129
396565,3243222
405554,3243222
720,3243222
720,3243222
1053351,3244532
1053351,3244532
1421,3244532
276934,3244532
65109,3244532
1223820,3244990
245290,3244990
245290,3244990
640176,3244990
640176,3244990
14766,3246992
14766,3246992
654932,3246992
106693,3253868
188054,3253868
188055,3253868
397875,3253868
409643,3253868
217208,3254443
34340,3254443
34340,3254443
69342,3255148
338777,3259710
338777,3259710
63315,3259710
43383,3261223
52183,3261223
5763,3261223
58221,3261223
58222,3261223
95984,3261223
155257,3261710
209397,3261710
209397,3261710
285817,3261710
669,3261710
12908,3261712
12908,3261712
25983,3261712
25983,3261712
409511,3261712
409643,3261712
669,3261712
1235234,3261762
1235234,3261762
646901,3261762
654932,3261762
660893,3261762
660893,3261762
210443,3261763
210443,3261763
610968,3261763
654932,3261763
25680,3263734
260188,3263734
260188,3263734
637876,3263734
637876,3263734
1047738,3266784
1047738,3266784
1124097,3266784
1146836,3266784
1017213,3268198
1017213,3268198
1039836,3268198
143754,3268198
143754,3268198
20185,3268198
59470,3268198
1021143,3268297
27578,3268297
334903,3268297
37523,3268297
37523,3268297
401419,3268297
508218,3268297
576148,3268297
216609,3271015
377002,3271015
377002,3271015
989213,3271015
11305,3271529
12164,3271529
13,3271529
139460,3271529
233680,3271529
239980,3271529
239980,3271529
25005,3271529
27486,3271529
1176867,3276873
1176867,3276873
12417,3276873
334508,3276873
681077,3276873
681077,3276873
110,3279181
110,3279181
143754,3279181
149418,3279181
162702,3279181
1823,3279181
28169,3279181
28169,3279181
329564,3279181
576544,3279181
609667,3279181
664549,3279181
1177,3280165
27835,3280165
27835,3280165
27836,3280165
27836,3280165
143754,3280764
149418,3280764
329564,3280764
45372,3280764
576544,3280764
576544,3280764
582361,3280764
582361,3280764
986640,3280764
20503,3280973
2197,3280973
473313,3280973
473313,3280973
1060785,3280977
1060785,3280977
1462641,3280977
1462641,3280977
20503,3280977
139460,3280978
139460,3280978
20503,3280978
2197,3280978
23315,3280978
23315,3280978
674885,3280978
674885,3280978
88813,3280978
2197,3280980
27648,3280980
27648,3280980
20503,3280991
2197,3280991
339721,3280991
339721,3280991
1028647,3280994
1028647,3280994
1080670,3280994
1553948,3280994
2197,3280994
37120,3280994
37120,3280994
1177,3281773
1177,3281773
12418,3281773
155062,3281773
2197,3281773
27835,3281773
27835,3281773
27836,3281773
27836,3281773
1053558,3282964
12232,3282964
30630,3282964
649608,3282964
649608,3282964
1177,3283025
27835,3283025
27835,3283025
27836,3283025
27836,3283025
148761,3288835
505170,3288835
505170,3288835
582361,3288835
582361,3288835
61600,3288835
88813,3288835
27894,3295229
27894,3295229
43383,3295229
52183,3295229
95984,3295229
95984,3295229
1000298,3295230
43383,3295230
52183,3295230
576085,3295230
576085,3295230
95984,3295230
95984,3295230
27894,3295231
27894,3295231
43383,3295231
52183,3295231
95984,3295231
95984,3295231
1207392,3295232
43383,3295232
52183,3295232
651034,3295232
651034,3295232
1041197,3295233
106722,3295233
1249656,3295233
27453,3295233
27453,3295233
42438,3295233
43383,3295233
52183,3295233
684252,3295233
95984,3295233
95984,3295233
966964,3295233
966968,3295233
1054563,3295234
1231887,3295234
43383,3295234
52183,3295234
95984,3295234
95984,3295234
43383,3295236
52183,3295236
95984,3295236
95984,3295236
33010,3296491
33010,3296491
430404,3296491
61600,3296491
88813,3296491
20185,3296791
33010,3296791
430404,3296791
88813,3296791
32429,3296797
33010,3296797
33010,3296797
430404,3296797
669794,3296797
669795,3296797
33010,3296798
33010,3296798
88813,3296798
33010,3296799
33010,3296799
430404,3296799
556966,3296799
556966,3296799
88813,3296799
33010,3296800
430404,3296800
88813,3296800
23315,3296801
23315,3296801
33010,3296801
33010,3296801
430404,3296801
32429,3296802
33010,3296802
33010,3296802
430404,3296802
669794,3296802
669795,3296802
88813,3296802
33010,3296803
430404,3296803
88813,3296803
1849,3299821
23315,3299821
23315,3299821
33010,3299821
33010,3299821
430404,3299821
492,3299821
1177,3300013
1177,3300013
264329,3300013
264329,3300013
224,3302616
27765,3302616
27765,3302616
446,3302616
69,3302616
1124097,3303780
1273706,3303780
11305,3304653
27506,3304653
310,3304653
537002,3304653
110,3305618
110,3305618
1177,3306083
1177,3306083
27835,3306083
27835,3306083
27836,3306083
27836,3306083
1177,3306086
27835,3306086
27835,3306086
27836,3306086
27836,3306086
1036712,3307474
1114375,3307474
1195558,3307474
1583,3307474
17764,3307474
516599,3307474
534781,3307474
551587,3307474
183935,3307629
183935,3307629
223925,3307629
223925,3307629
525432,3307629
551226,3307629
551226,3307629
1102,3309339
27794,3309339
45,3309339
498,3309339
1084552,3309397
158,3309397
217208,3309397
34533,3309397
34533,3309397
617327,3309397
10193,3313475
11395,3313475
1257639,3313475
1297009,3313475
1300567,3313475
672606,3313475
1287260,3314337
1287260,3314337
12908,3314337
15496,3314337
21871,3314337
25983,3314337
25983,3314337
412137,3314337
412137,3314337
45465,3314337
45465,3314337
72045,3314337
1036658,3317639
1036658,3317639
1036659,3317639
1036659,3317639
28791,3317639
56287,3317639
656670,3317639
211115,3318662
10193,3322299
10193,3322299
11395,3322299
11395,3322299
584864,3322299
1086436,3323370
20185,3323370
34340,3323370
34340,3323370
162126,3328057
195546,3328057
195546,3328057
22295,3328057
22295,3328057
34533,3328057
34533,3328057
4,3328057
1018325,3330206
10193,3330206
10193,3330206
1108897,3330206
11395,3330206
250301,3330206
250301,3330206
285819,3330206
398496,3330206
45547,3330206
666681,3330206
7672,3330206
15792,3333474
520175,3333474
615916,3333474
624325,3333474
70110,3333474
70112,3333474
70273,3333474
70273,3333474
141275,3344378
141275,3344378
1667938,3344378
366454,3344378
366454,3344378
430404,3344378
621678,3344378
27937,3350675
33782,3350675
45,3350675
45,3350675
644202,3350675
12418,3350680
27453,3350680
27453,3350680
45,3350680
1204602,3350682
1285196,3350682
189433,3350682
22922,3350682
27453,3350682
27453,3350682
27937,3350682
27937,3350682
367,3350682
388036,3350682
45,3350682
45,3350682
509,3350682
509,3350682
10279,3350685
10471,3350685
27794,3350685
41784,3350685
45,3350685
456851,3350685
461477,3350685
648312,3350685
648314,3350685
19191,3350686
197614,3350686
197614,3350686
31269,3350686
31269,3350686
45,3350686
455078,3350686
1102,3350689
1290320,3350689
13077,3350689
1954,3350689
1954,3350689
33782,3350689
362,3350689
38636,3350689
45,3350689
1040258,3350690
29473,3350690
29473,3350690
33782,3350690
45,3350690
1102,3350691
29473,3350691
29473,3350691
45,3350691
344642,3350692
359225,3350692
45,3350692
6017,3350692
6017,3350692
1102,3350695
20765,3350695
20765,3350695
21188,3350695
21188,3350695
32817,3350695
32818,3350695
45,3350695
80125,3350695
21576,3350696
27794,3350696
27794,3350696
41180,3350696
45,3350696
738,3350696
8557,3350696
1309939,3350697
1309939,3350697
34193,3350697
34194,3350697
45,3350697
58668,3350697
648299,3350697
670424,3350697
1102,3350699
29473,3350699
29473,3350699
45,3350699
663361,3350699
10285,3350702
10285,3350702
351070,3350702
45,3350702
24741,3350703
24741,3350703
27461,3350703
29609,3350703
398497,3350703
45,3350703
121052,3350704
27794,3350704
3719,3350704
45,3350704
143754,3350975
143754,3350975
149418,3350975
28169,3350975
28169,3350975
609667,3350975
665102,3350975
1161075,3351445
1285709,3351445
1285710,3351445
1285712,3351445
1421,3351445
16678,3351445
177,3351445
456,3351445
67,3351445
69,3351445
20185,3353048
33010,3353048
33010,3353048
492,3353048
566086,3353048
2025518,3353818
37246,3353818
37246,3353818
610968,3353818
61600,3353818
106714,3353921
1276441,3353921
1276442,3353921
28169,3353921
28169,3353921
571100,3353921
609667,3353921
665457,3353921
14325,3354372
33010,3354372
33010,3354372
492,3354372
33010,3354378
33010,3354378
492,3354378
33010,3354380
33010,3354380
331400,3354380
492,3354380
1073,3369950
15369,3369950
21451,3369950
21451,3369950
5339,3369950
92,3369950
1263060,3374413
110,3383633
110,3383633
148761,3383633
61600,3383633
713416,3383633
88813,3383633
20185,3386839
26460,3386839
26460,3386839
27616,3386839
27616,3386839
48326,3386839
48326,3386839
61600,3386839
88813,3386839
94499,3386839
94499,3386839
20185,3386840
23315,3386840
23315,3386840
61600,3386840
10418,3386843
20185,3386843
61600,3386843
61600,3386843
7161,3386843
7161,3386843
95489,3386843
95489,3386843
13177,3386844
20185,3386844
30183,3386844
36932,3386844
40943,3386844
577,3386844
577,3386844
61600,3386844
1064568,3386845
1064568,3386845
148761,3386845
20185,3386845
61600,3386845
95489,3386845
95489,3386845
175131,3386846
175131,3386846
20185,3386846
20185,3386846
23315,3386846
23315,3386846
27486,3386846
27486,3386846
28169,3386846
28169,3386846
61600,3386846
10418,3386847
20185,3386847
61600,3386847
95489,3386847
95489,3386847
20185,3386848
27616,3386848
27616,3386848
32429,3386848
55684,3386848
55684,3386848
61600,3386848
669794,3386848
669795,3386848
20185,3386850
577,3386850
577,3386850
61600,3386850
7161,3386850
7161,3386850
20185,3386851
27616,3386851
27616,3386851
32429,3386851
55684,3386851
55684,3386851
61600,3386851
669794,3386851
669795,3386851
1294730,3386852
1294731,3386852
20185,3386852
61600,3386852
993711,3386852
20185,3386853
27259,3386853
27259,3386853
32429,3386853
61600,3386853
641148,3386853
669794,3386853
669795,3386853
20185,3386854
339721,3386854
339721,3386854
4337,3386854
4337,3386854
44079,3386854
44079,3386854
61600,3386854
7161,3386854
7161,3386854
1053347,3418528
12418,3418528
190058,3418528
41287,3418528
418951,3418528
51766,3418528
632021,3418528
14325,3420343
3608,3420343
3650,3420343
45,3420343
509,3420343
509,3420343
639328,3420343
18435,353022
19976,353022
39044,353022
15496,3530987
190585,3530987
5763,3530987
1046502,3574445
1416543,3574445
37899,3574445
1013923,3724421
1013923,3724421
37880,3750782
37880,3750782
984358,3750782
2180892,3857644
992687,3857644
173136,387414
20785,387414
34990,387414
43383,387414
52183,387414
95984,387414
95984,387414
2726,3882
418491,3882
16631,4006446
359481,4006446
60493,4006446
1025776,403033
20785,403033
20785,403033
35389,403033
1061279,4097685
22,4097685
59,4097685
88813,4097685
309511,4143233
651111,4143233
71482,4143233
3608,41809
3608,41809
1052712,4326893
1735039,4326893
1735040,4326893
999607,4326893
57967,434224
57967,434224
62847,434224
12418,437103
397914,437103
52806,437103
1018325,4385705
1028712,4385705
11395,4385705
19016,4385705
228636,4385705
398496,4385705
620527,4385705
666681,4385705
1737262,4386971
1737262,4386971
1757175,4386971
49286,4405998
49286,4405998
7922,4405998
1167393,4481739
1181,4481739
1595303,4481739
1809801,4481739
19133,4481739
223925,4481739
498,4481739
498,4481739
623257,4481739
661292,4481739
12418,451776
190058,451776
27434,451776
150934,4733796
423108,476552
649723,476552
69897,476552
69897,476552
1911551,4766792
1015,49719
177201,49719
271318,49719
4431,49719
44539,49719
643808,49719
1177,499725
27835,499725
27835,499725
27836,499725
27836,499725
367734,512407
58311,512407
1653,52158
1653,52158
423220,52158
498,52158
498,52158
65700,54027
65700,54027
1177,542389
27835,542389
27835,542389
27836,542389
27836,542389
33699,5514731
1015,56658
177201,56658
271318,56658
4431,56658
44539,56658
635618,56658
643808,56658
159829,570825
159829,570825
162126,570825
1205,579968
1217171,579968
1683276,579968
233140,579968
233140,579968
264368,579968
3264,579968
575218,579968
575218,579968
217705,587305
155062,590331
155062,590331
179206,590331
26507,590331
43747,599427
69,599427
69,599427
190911,623111
354244,623111
647639,623112
647641,623112
213446,639993
213446,639993
11439,64869
11439,64869
16775,64869
2578,64869
2578,64869
27621,64869
27621,64869
71122,652107
71122,652107
11795,664970
11795,664970
1015,67584
177201,67584
271318,67584
4431,67584
44539,67584
643808,67584
181,68146
27792,68146
139460,698675
1492929,698675
326362,698675
326362,698675
681077,698675
980331,698675
1015,70250
177201,70250
271318,70250
27794,70250
4431,70250
4431,70250
635618,70250
643808,70250
19041,70448
19041,70448
29851,70448
29852,70448
29862,70448
1015,72377
177201,72377
271318,72377
4431,72377
44539,72377
1015,72379
177201,72379
271318,72379
4431,72379
44539,72379
643808,72379
34793,725791
50268,725791
50268,725791
50268,725792
50268,725792
62236,725792
1019487,729921
338777,729921
338777,729921
133136,749215
26593,749215
26593,749215
346989,749215
773986,749215
1015,74998
177201,74998
271318,74998
4431,74998
44539,74998
635618,74998
643808,74998
20785,75535
20785,75535
27794,75535
36741,75535
20785,78980
20785,78980
34990,78980
34990,78980
36741,78980
419080,82215
43770,82215
43770,82215
43771,82215
28042,82653
539432,82653
539433,82653
576622,82653
1015,83180
177201,83180
271318,83180
27794,83180
4431,83180
4431,83180
635618,83180
643808,83180
225402,834666
980945,834666
1015,85506
177201,85506
271318,85506
4431,85506
44539,85506
635618,85506
643808,85506
363784,955638
58311,955638
32617,990719
649616,990719
649617,990719
